Taluks,Potato,Tomato,Brinjal,Beans,Cluster Beans,Onion,Green chillies,Total Leafy Vegetables,Total Guard Variety Vegetables
Chikkodi,27,8201,2870,641,50,2023,6365,8,1171
Athani,0,2475,1960,190,252,4800,1640,400,291
Raibag,21,2803,2506,506,33,1426,1826,2569,372
Gokak,0,6540,4585,0,768,3620,2340,448,1158
Hukkeri,396,16764,6945,1301,845,1600,7758,264,2887
Belagavi,42094,25478,11371,1929,466,400,14622,2640,5018
Khanapur,140,1327,845,1120,9,209,49767,137,1011
Savadatti,37,29889,8253,0,292,79269,610,148,2164
Bailhongal,510,24177,5319,46,190,769,17634,219,1388
Ramadurg,56,2258,4729,84,456,143849,2749,88,1080
Kitthuru,346,5412,3402,31,5,71,16917,18,1213
Nippani,6,2235,1754,42,12,3840,2743,7,376
Kagavada,0,1023,832,273,27,1709,1262,31,316
Mudalagi,0,2675,1680,0,12,12900,2060,29,418
Jamakhandi,1,42,12,0,2,830,0,1,17
Bilagi,0,38,17,0,14,5042,0,3,48
Mudhol,0,50,18,0,12,7918,0,1,37
Badami,0,308,39,0,36,5501,51,9,207
Bagalkote,0,86,162,0,10,8094,0,4,58
Hungund,4,27,9,0,0,3134,8,2,24
Guledagudda,0,105,4,0,32,633,0,1,143
Ilkal,8,16,19,0,1,1190,2,10,23
Rabakavi Banahatti,0,50,0,0,1,274,0,1,33
Bijapur,5,1116,1830,687,69,16119,277,10,788
Indi,40,1384,1709,74,82,15630,1054,8,757
Sindagi,6,881,954,1,15,18977,5881,4,472
Basavan Bagewadi,31,1013,980,29,22,82619,268,5,297
Muddebihal,12,688,1089,0,16,14837,2106,18,256
Nidagundi,0,292,220,2,7,55202,174,0,37
Babaleshwara,12,821,652,0,65,55076,141,14,497
Chadachana,0,1449,713,2,20,4313,280,2,279
Talikote,0,84,129,118,5,3882,56,0,63
Tikota,15,537,734,93,36,10096,112,12,491
Kolhara,0,309,307,0,13,170545,172,0,220
Devara Hipparagi,19,409,417,7,4,6422,139,0,96
Aland,45,8480,4500,120,189,26024,1811,600,1118
Afzalpur,0,10880,1008,176,154,12720,2028,460,1010
Gulbarga,0,9349,2750,120,221,14528,5616,940,417
Chincholi,339,3655,1475,80,158,8623,1155,473,184
Sedam,0,1236,593,48,32,3028,680,363,183
Chittapur,20,7117,1125,176,76,11638,4455,832,620
Jevargi,40,5725,1050,48,44,5991,13232,773,480
Kalagi,0,0,0,0,0,0,0,0,0
Kamalapura,0,0,0,0,0,0,0,0,0
Yadrami,0,0,0,0,0,0,0,0,0
Shahbadha,0,0,0,0,0,0,0,0,0
Basavakalyan,708,5883,225,260,315,3403,4006,2476,2781
Bhalki,73,7730,1239,1239,114,2616,1615,1342,3130
Aurad,25,1184,391,85,0,1965,827,248,242
Bidar,960,7097,1156,248,144,8362,1930,1323,1601
Humnabad,140,1407,1120,196,256,340,952,1164,1910
Chittaguppa,140,1407,1120,196,256,340,952,1164,1910
Kamalanagara,25,1184,391,85,0,1965,827,248,242
Hulasuru,141,1176,451,52,63,680,801,495,556
Lingasugur,0,4425,621,0,105,20400,1620,546,410
Devdurga,0,10664,1944,180,70,28060,5400,1507,3919
Raichur,0,4870,2565,96,0,5198,1320,404,1728
Manvi,0,1544,680,67,25,18746,1092,235,141
Sindhanur,0,950,810,180,105,3300,1020,571,1155
Maski,0,1921,864,0,0,9000,504,385,480
Sirivara,0,661,292,29,10,8034,468,101,60
Yelburga,0,8734,6854,418,48,333765,8136,1980,5247
Kushtagi,0,11422,4655,306,0,13746,5016,190,12702
Gangavathi,0,26782,8084,0,1440,12817,4046,1048,2896
Koppal,0,23953,6325,672,1986,12412,12600,4004,16114
Karatagi,,,,,,,,,
Kukanuru,,,,,,,,,
Kanakagiri,0,0,0,0,0,0,0,0,0
Naragund,0,40,30,10,6,20,10,23,40
Rona,0,0,0,0,2,217497,64149,631,91
Gadag,0,3037,543,124,2,80629,66550,478,379
Shirahatti,0,1380,1350,90,120,18000,75,60,504
Mundargi,0,1770,1380,0,55,47700,2400,163,70
Gajendragad,0,140,20,0,0,23456,1035,234,113
Laxmeshwar,0,860,486,10,24,12000,60,90,360
Dharwad,20674,8246,3174,444,82,78548,7553,4528,2733
Navalgund,0,73,98,0,0,165956,0,1223,197
Hubli,14,1836,1674,2,17,118107,0,1418,793
Kalgatgi,0,5913,6554,17,22,1,4690,178,317
Kundgol,19,371,827,3,11,9323,0,171,110
Hubballi Nagara,20,1435,910,3,1,7844,0,759,570
Alnavara,31,28,3,572,0,0,0,48,3
Annigeri,0,0,0,0,2,63942,0,828,218
Karwar,0,0,9,0,0,0,8,20,46
Joida,0,0,0,0,0,0,0,0,0
Haliyal,0,582,857,16,27,3,727,5,159
Yellapur,0,0,0,0,0,0,0,0,0
Mundgod,35,7,8,90,0,0,546,0,13
Sirsi,24,0,0,0,0,0,11,13,2
Ankola,0,0,34,0,0,0,118,232,59
Kumta,0,0,219,0,19,1261,206,88,396
Siddapur,0,5,0,4,0,0,104,9,89
Honnavar,0,0,5,0,0,0,0,24,64
Bhatkal,0,0,6,0,0,9,0,19,17
Dandelli,0,3,18,0,0,0,16,0,0
Shiggaon,173,9374,454,0,0,12583,5509,459,73
Savanur,22,5167,1108,30,10,2485,6467,80,140
Hangal,0,2507,355,5,5,11946,12427,97,75
Haveri,0,5117,4355,600,230,11444,24633,1316,163
Byadagi,0,8500,480,40,20,575,1450,900,424
Hirekerur,0,4524,831,200,94,69,1671,0,48
Ranebennur,35,5115,4367,58,42,78071,127,427,625
Ratteehalli,0,3576,208,50,41,429,506,0,317
Hadagali,0,5355,500,100,275,37000,1540,970,6707
Hagaribommanahalli,0,2691,1466,210,0,43118,21821,404,1933
Hospet,0,930,366,39,19,5350,16329,186,1091
Siraguppa,0,900,784,0,168,1015,1200,232,451
Ballari,0,1703,840,274,51,1075,279,1499,942
Sonduru,0,3447,782,0,270,38140,2475,1176,2879
Kudligi,0,9969,1096,126,138,29629,1576,488,2544
Kurugodu,0,8,0,0,11,346,294,0,16
Kotturu,0,2950,530,134,133,29090,1836,435,1657
Kampli,0,202,291,18,12,294,54264,302,324
Harapanahalli,0,15092,360,130,42,84435,7260,1070,6326
Molakalmuru,0,1704,1542,0,137,1044,1665,9,374
Challakere,0,38250,3460,253,0,251736,1445,116,2982
Chitradurga,0,3197,669,549,187,174070,2694,504,12378
Holalkere,0,2246,739,0,0,46369,488,290,282
Hosadurga,0,7600,1815,1060,207,27545,1130,566,4478
Hiriyur,0,9242,700,0,0,78894,0,0,0
Harihar,0,1920,300,30,25,1870,750,505,1341
Jagaluru,0,1958,775,22,38,58875,3190,198,359
Davanagere,182,20261,1566,43,24,1857,1285,252,2933
Honnali,17,8580,0,0,0,0,1560,5,410
Channagiri,113,279,41,1,0,4762,197,11,101
Nyamati,17,31720,900,1600,440,10200,5000,96,2274
Sagara,0,0,0,0,0,0,16,92,40
Soraba,60,38,71,0,0,0,20,300,43
Shikaripura,0,2232,536,93,4,47,1087,139,282
Hosanagar,0,0,0,0,0,0,0,100,0
Thirthahalli,0,0,0,0,0,0,0,41,0
Shimoga,0,551,134,23,25,0,225,146,348
Bhadravathi,0,0,0,0,0,0,4,6,13
Kundapur,0,0,20,0,0,0,8,820,467
Udupi,0,0,0,0,0,0,0,432,214
Karkala,0,0,20,0,0,0,0,756,292
Bynduru,0,0,0,0,0,0,0,345,156
Bramhavara,0,0,314,0,0,0,75,1036,662
Kapu,0,0,294,0,0,0,8,237,117
Hebri,0,0,0,0,0,0,0,237,117
Sringeri,,,,,,,,,
Koppa,,,,,,,,,
Narasimharajapura,0,0,0,0,0,0,7,0,0
Tarikere,53675,30132,29,1070,0,744,58,0,274
Kadur,22775,24791,735,286,58,43872,327,38,1851
Chikmagalur,3028,34650,1365,1962,9,13564,1512,30,1451
Mudigere,0,0,0,0,0,0,0,0,0
Ajjampura,5919,7218,46,79,1,116707,106,0,32
Chiknayakanahalli,0,1848,235,45,0,961,1961,8,93
Sira,44,10524,1225,176,0,12867,4260,92,3646
Pavagada,0,215490,5454,466,37,1207,16045,16,1195
Madhugiri,215,4612,960,905,0,180,400,14,449
Koratagere,0,3369,386,144,0,0,400,27,247
Tumkur,45,4455,690,344,0,8,295,26,158
Gubbi,14,1659,243,527,0,24,381,25,543
Tiptur,35,2440,194,191,0,0,250,62,243
Turuvekere,0,945,4,64,0,4,188,1,19
Kunigal,0,2684,671,282,0,21,426,5,1672
Srinivaspura,4907,178567,2376,804,2,401,1597,1740,2968
Kolar,7112,114432,2134,1711,2,59,2324,2294,5254
Malur,12024,98625,2309,10725,2,180,1594,5633,9025
Bangarpet,8545,104295,1537,2729,37,87,1140,463,1855
Mulabagilu,18981,142008,6059,3328,2,172,3539,1075,4631
K.G.F,6182,43277,1797,1202,251,66,925,290,1599
Bangalore (North),0,8000,490,2250,60,0,300,30,2050
Bangalore-South,0,6000,400,400,300,0,600,400,0
Anekal,950,22500,1350,5950,600,200,380,5400,650
Bangalore-East,120,340,260,320,10,0,120,250,100
Yelahanka,40,5850,510,1680,100,0,620,780,4750
Nelamangala,2760,7317,508,2970,174,0,546,712,3467
Doddaballapura,6755,32878,918,2730,15,1013,752,2398,4114
Devanahalli,2960,8770,341,2064,0,230,616,1034,5812
Hoskote,5818,16185,870,2888,198,76,744,1425,2340
Krishnarajpet,33,9837,935,1915,0,7,187,4,5555
Nagamangala,859,12882,865,944,0,1332,206,0,584
Pandavpura,4,28984,2012,5328,41,199,682,45,7147
Srirangapatna,16,12250,1063,1842,0,8,305,91,2453
Mandya,41,14648,2000,1359,0,325,1282,34,1707
Maddur,21,2457,218,68,0,22,140,15,459
Malavalli,36,17768,1223,1659,8,155,1115,15,2770
Sakleshpura,0,0,0,660,0,0,3840,0,0
Belur,10964,7625,1425,5869,18,0,4290,1250,2635
Arsikere,10519,15881,619,420,0,1043,719,209,1232
Hassan,79899,2451,72,1060,11,148,1210,170,9078
Alur,1309,330,75,40,0,0,256,70,158
Arkalgud,15816,1014,195,410,0,0,5580,0,1977
Holenarasipura,8916,11250,4100,2650,413,140,10080,5375,30320
Channarayapatna,7268,4669,0,298,0,0,1100,318,1000
Mangalore,5,0,0,0,0,0,0,29,6
Bantwal,0,0,10,0,0,0,2,48,42
Belthangady,0,0,0,0,0,0,5,5,37
Puttur,0,0,0,0,0,0,1,17,0
Sulya,0,0,0,0,0,0,0,19,20
Mudabidri,0,0,0,0,0,0,0,8,2
Kadaba,0,0,0,0,0,0,1,2,14
Madikeri,2,0,0,12,0,0,3,1,6
Somawarpet,269,0,10,0,0,0,209,0,30
Virajpet,33,0,0,0,0,0,0,0,0
Piriyapatna,2540,2367,275,226,0,7,4613,92,2522
Hunsur,84,20385,614,998,8,22,8750,11,6436
K.R.Nagar,112,12956,710,2335,0,0,2740,29,3862
Mysuru,44,49270,4563,4785,95,0,2310,52,9931
Heggadadevanakote,60,20396,2874,1185,0,0,1398,4,2838
Nanjangud,205,52107,3410,1832,35,845,5085,102,3959
T.Narasipura,119,8774,850,826,0,140,438,52,1369
Saraguru,0,6163,235,175,0,4,658,1,295
Gundlupet,7137,81822,4582,6560,0,21433,3481,55,3195
Chamarajanagara,1074,53808,2885,2117,0,8085,4533,40,6530
Yalandur,93,1259,354,174,0,534,30,21,187
Kollegala,197,6798,1618,454,0,20708,381,29,365
Kollegala(Hanur),7412,10936,3848,0,0,46076,3781,23,1135
Gauribidanur,2056,36671,5729,1908,0,1632,7006,77,5475
Chikballapur,19400,16860,898,3213,0,318,2208,0,3201
Gudibande,11382,26991,2424,2458,0,942,367,562,1075
Bagepalli,1892,33144,2420,2424,24,5042,1089,0,1689
Shidlagatta,7748,11115,588,1196,0,7900,780,196,3061
Chinthamani,8266,153583,2073,3053,0,12526,3311,2185,4725
Magadi,9,1855,1262,1404,1,24,314,11,1365
Ramanagar,54,722,609,423,6,20,71,50,518
Channapatna,12,1356,131,107,0,26,575,12,558
Kanakpura,0,1316,133,334,0,23,154,5,253
Yadgir,36,1072,557,105,108,2617,89,17,654
Shahapur,185,2355,2160,360,361,1041,3580,54,737
Shorapur,192,5218,1829,96,92,6363,1416,181,809
Gurumithakala,17,532,396,60,60,1536,65,10,393
Vadagera,112,1475,1143,200,200,720,2600,34,352
Hunisigi,56,2160,1134,60,60,2542,1040,54,245
State Total,437286,2452402,269849,131220,16127,3536327,688381,95457,345137
